"","Category","ProductName","Reviewer","Date","Title","Comment","StarRating","VerifiedPurchase"
"1","Tablet","Amazon Fire HD 10 tablet (newest model) built for relaxation, 10.1 vibrant Full HD screen, octa-core processor, 3 GB RAM, 32 GB, Black","heidiho44","Reviewed in the United States on December 9, 2024","","I got this for my 9 year old nieceâ€™s birthday and then had to get one for myself. I use it for streaming Netflix and watching shows. Itâ€™s so easy to use, fast, and synced automatically with my Amazon account. I recommend this tablet to anyone looking for one. Great quality, great picture, durable and heavy duty but light. Easy on the eyes and good battery life.",5,NA
"2","Tablet","Amazon Fire HD 10 tablet (newest model) built for relaxation, 10.1 vibrant Full HD screen, octa-core processor, 3 GB RAM, 32 GB, Black","GooseGirl","Reviewed in the United States on October 5, 2024","One for me and one for my niece!","I just checked and found that this 10"" tablet is my 11th Kindle Fire tablet since 2011, so you may say I'm a fan! My husband gets my hand-me-downs, and since had I just bought a new 10"" tablet back in February (ocean), he now gets that one and I get the new one (lilac). So we're both happy. We mostly use our tablets for reading, and for that purpose, they work great. This 10-inch tablet is a nice size, not too heavy for reading or browsing the internet. Overall, it is a nice looking tablet at a good price and does what I need it to do. That being said, there are some limitations:1) I'm not much of a gamer, but some years back, I got a few games for free on a Black Friday sale and enjoyed playing them. I also downloaded another game that is free to play. All three of these games worked great until I got to end-game. I then had problems with the game slowing down and even freezing to the point where I was unable to play them to the finish. I tried adding extra storage, even going so far as buying a newer tablet, but ultimately realized that it was a RAM issue. It's disappointing to me that games would be sold in the Amazon Appstore when the RAM on the tablet wouldn't be able to support the demands of the game. There is an upside: I stopped playing them and now have more time to read, yay!2) Even though my tablet is new, it is becoming more and more apparent that Amazon is no longer supporting some of its own apps. These apps are no longer working (although the sites themselves can still be accessed using the Silk Browser): Goodreads, which Amazon owns, so this is really a mystery, especially because so many people do use their tablets for reading; and both the Shop Amazon and the Photos app now take you to the Silk Browser, where you need to sign in each time to access. In the case of the Photos app, it seems to have been replaced with the new Gallery app, but as of this date, Gallery is extremely limited in function. To use a new photo wallpaper, for example, I had to click on the Photos app, sign in, find and download locally the picture I wanted to use, and only then could the innate wallpaper chooser ""see"" the photo, which was also then available in Gallery. Whew! Prior to this change, the wallpaper could be easily changed in one step, as Amazon Photos was one of the choices, along with the built-in wallpapers, and you could scroll and select a photo as desired.If you're not an end-gamer or don't really need or rely on the built-in Amazon apps, you'll be fine, as this is still a more than decent tablet for the price.",5,NA
"3","Tablet","Amazon Fire HD 10 tablet (newest model) built for relaxation, 10.1 vibrant Full HD screen, octa-core processor, 3 GB RAM, 32 GB, Black","LAK","Reviewed in the United States on November 4, 2024","","I have wanted to get a tablet for a long time, and I'm glad I did. This one works great and so far it does everything I want it to do. The touch screen is responsive and it is easy to connect to my home WiFi. It is easy to charge with the provided wire and wall adapter, and so far the battery is holding a charge for quite a long time. I have been able to use the app store to download apps, I have read books using Kindle and Libby, and I have also used it for basic activities such as games and surfing the internet. The screen is clear and graphics and photos look great. In fact, I'm writing this review with it and using the vocal dictation feature now. I have not used it yet to take pictures. I definitely recommend getting a good Protective case and Screen protector  For this tablet, because it is thin, sleek, and somewhat slippery. It might not be the fanciest one on the market, but I am very happy with it so far so far, especially for the price.",5,NA
"4","Tablet","Amazon Fire HD 10 tablet (newest model) built for relaxation, 10.1 vibrant Full HD screen, octa-core processor, 3 GB RAM, 32 GB, Black","Jennifer Bartlett","Reviewed in the United States on December 5, 2024","Beautiful Tablet for the Price","Pros: Price and value, easy to set up with minimal technical ability, lots of apps you can useCons: Ads from AmazonGreat little tablet. Great for young kids without the investment the ""other"" tablet maker requires. But the Amazon ads? You have to pay extra to get the ads off your own tablet that you bought with your own money. I don't like that. At all. But, for $80 I guess my grands can learn to live with it.",4,NA
"5","Tablet","Amazon Fire HD 10 tablet (newest model) built for relaxation, 10.1 vibrant Full HD screen, octa-core processor, 3 GB RAM, 32 GB, Black","Helen K Jones","Reviewed in the United States on May 25, 2024","","Being a senior newbie in ownership of the first tablet ever, I really like this tablet.  I've had it now a month and being disabled, I have been using it faithfully every day for many many hours per day. Since I've never had a tablet before I can't really compare it to another.But, there are a couple of issues I have been having and don't know if this is normal behavior for a tablet or not.First issue that is really bothered to me is that after watching a lot of videos from streaming most of the day that suddenly the videos start getting ""choppy."" This means that I'll be watching a video and it hits a snag and stalls briefly and then starts up and continues to do this nonstop.  It gets so irritating that I have to stop watching videos completely and turn the tablet off.  No, this isn't a WiFi buffer issue.  I have a similar issue with my flat screen TV because it's not a Smart TV, and it's older.  With the TV, though, I'm lucky if I can watch more than a movie before the subtitles go off sync with the video and have to restart.  I'm suspecting that the video stalling issue might be other than the tablet, but don't know for sure.  But, I'll have watched videos most of a day before this stalling starts to happen.  Since I can't be certain if the issue is with the tablet and not the streaming service, I give the benefit to the tablet.The second issue is with the video selection on the tablet.  I'll have the screen with a bunch of squares of different videos to select from and when I select one on the screen, it responds by opening up something completely different that is on a different part of the screen.  Again, I don't know if this is a tablet issue for sure, but it is a little annoying when I'm trying to decide on what I want to watch next and something else pops up that I didn't select.  Also, when I'm watching a video, the tablet doesn't respond always when I touch it to pause it.  Again, don't know if this is a tablet issue or not.BUT, I love both the video and audio quality of the tablet.  I got the tablet for the purpose of watching my streaming videos and it's been a wonderful experience.  One thing that really pleasantly surprised me was the audio!!  Absolutely fantastic!  It's like having surround sound when watching videos!I got the case to go with the tablet as well and it's really nice.  It took me a bit to adjust to the case in maneuvering it in my bed when laying down, but it's satisfactory.  After all, these things aren't really designed with the disabled in mind.  But, it is a nice quality case cover for the tablet.  I have a few cats, so the case cover protects it very nicely against their tendencies to lay atop the tablet.  It's a good protection for falling off the bed when I've fallen asleep!So, for my first experience with a tablet, this is great.  Makes me wonder what took me so long to buy one!",5,NA
"6","Tablet","Alphawolf Android Tablet 10 inch Tablets, FHD 1920 * 1200 Display, 16GB RAM 128GB ROM Octa Core Processor, Widevine L1, 2.4G/5G WiFi Tablet Android 14","dansan","Reviewed in Japan on October 21, 2024","ç¾æ™‚ç‚¹ã§ã®ãƒ™ã‚¹ãƒˆãƒã‚¤ï¼","å‹•ç”»ã‚„èª­æ›¸ã‚’æ‰‹è»½ã«æ¥½ã—ã‚€ã®ã«æœ€é©ãªã‚µã‚¤ã‚ºã€‚10ã‚¤ãƒ³ãƒã‚¯ãƒ©ã‚¹ã®ã‚¿ãƒ–ãƒ¬ãƒƒãƒˆã«æ¯”ã¹ã¦ã¯ã‚‹ã‹ã«è»½ãã€å‹•ä½œã‚‚è»½å¿«ã§ç”»é¢ã‚‚æ˜ã‚‹ãç¶ºéº—ãªã®ã§å¤§å¤‰æº€è¶³ã—ã¦ã„ã¾ã™ã€‚ã€€è‡ªå®…ã§ã¯5GHzå¸¯ã®wifiã‚’åˆ©ç”¨ã—ã¦ã„ã¾ã™ãŒã€é›»æ³¢ã®æ´ã¿ã‚‚ãƒ¡ã‚¤ãƒ³ã§ä½¿ç”¨ã—ã¦ã„ã‚‹ã‚¹ãƒãƒ›ã‚ˆã‚Šè‰¯å¥½ã€‚ã‚¤ãƒ¤ãƒ›ãƒ³ã‚¸ãƒ£ãƒƒã‚¯ã®ä½ç½®ãŒå°‘ã—æ°—ã«ãªã‚Šã¾ã™ãŒã€åŸºæœ¬çš„ã«Bluetoothã‚¤ãƒ¤ãƒ›ãƒ³ã‚’ä½¿ç”¨ã—ã¾ã™ã®ã§å•é¡Œæœ‰ã‚Šã¾ã›ã‚“ã€‚è£½å“ã®è³ªæ„Ÿã‚‚ç´ æ™´ã‚‰ã—ãã€ä¾¡æ ¼ã¨æ€§èƒ½ã®ãƒãƒ©ãƒ³ã‚¹ãŒçµ¶å¦™ã§é•·ãä½¿ãˆãã†ãªä¸€å°ã§ã™ã€‚",5,NA
"7","Tablet","Alphawolf Android Tablet 10 inch Tablets, FHD 1920 * 1200 Display, 16GB RAM 128GB ROM Octa Core Processor, Widevine L1, 2.4G/5G WiFi Tablet Android 14","ã‚ã‚ãŸã‚ã†","Reviewed in Japan on December 8, 2024","","",5,NA
"8","Tablet","Alphawolf Android Tablet 10 inch Tablets, FHD 1920 * 1200 Display, 16GB RAM 128GB ROM Octa Core Processor, Widevine L1, 2.4G/5G WiFi Tablet Android 14","ã‚ã‚ãŸã‚ã†","Reviewed in Japan on November 18, 2024","æº€è¶³ã€æƒ³åƒã—ã¦ãŸã‚ˆã‚Šã‚¯ã‚ªãƒªãƒ†ã‚£é«˜ã€‚","4å¹´å‰ã«è³¼å…¥ã—ãŸãƒ•ã‚¡ãƒ¼â—ã‚§ã‚¤mediapad5ã‹ã‚‰ã®è²·ã„æ›¿ãˆã§ã™ã€‚ã¾ãšå®‰ä¾¡ãªã®ã§ã‚ã¾ã‚ŠæœŸå¾…ã—ã¦ã„ã¾ã›ã‚“ã§ã—ãŸãŒã€ç­ä½“ã®è³ªæ„Ÿã¯é«˜ã„ã—ã€ç‰©ç†ãƒœã‚¿ãƒ³ãªã©ã®ä»•ä¸ŠãŒã‚Šã‚‚ãã‚Œã„ã§ã—ãŸã€‚å‹•ç”»è¦–è´ã€ãƒãƒƒãƒˆæ¤œç´¢ã¯ã‚µã‚¯ã‚µã‚¯ã€‚ã“ã®SoCç©ã‚“ã§ã‚‹ã‚¹ãƒãƒ›ã§ã‚ã‚Œã°ã€ã“ã®ä¾¡æ ¼ã§è²©å£²ã—ã¦ã„ã‚‹ã‚‚ã®ã¯ç„¡ã„ã—ã€ã‚³ã‚¹ãƒ‘ã¯ã‹ãªã‚Šé«˜ã„ã¨æ€ã„ã¾ã™ã€‚æ°—ã«ãªã‚‹ãƒã‚¤ãƒ³ãƒˆã¯ã€ã‚¹ãƒ”ãƒ¼ã‚«ãƒ¼ãŒä¸‹éƒ¨ã®ã¿ãªã®ã§æ¨ªå‘ãã§ã¯å³ã‹ã‚‰è´ã“ãˆã‚‹ã®ã¿ã€‚ãŸã ã€æ„å¤–ã¨è´ãå–ã‚Šã‚„ã™ã„éŸ³è³ªã€‚ã‚ã¨èµ·å‹•ã¯ã¡ã‚‡ã£ã¨é…ã„ã‹ãªä½ã§ã™ã€‚ä»Šã®ã¨ã“ã‚è‡ªå®…ã§Wi-Fiæ¥ç¶šã§ã™ãŒã€è»½ã„ã—ã‚µãƒ–æ©Ÿã¨ã—ã¦æŒã¡é‹ã¶ã®ã‚‚è‰¯ã•ãã†ã§ã™ã€‚",5,NA
"9","Tablet","Alphawolf Android Tablet 10 inch Tablets, FHD 1920 * 1200 Display, 16GB RAM 128GB ROM Octa Core Processor, Widevine L1, 2.4G/5G WiFi Tablet Android 14","ãã‚‹ã‚‹","Reviewed in Japan on December 7, 2024","","",4,NA
"10","Tablet","Alphawolf Android Tablet 10 inch Tablets, FHD 1920 * 1200 Display, 16GB RAM 128GB ROM Octa Core Processor, Widevine L1, 2.4G/5G WiFi Tablet Android 14","koma13","Reviewed in Japan on December 6, 2024","ã‚µã‚¯ã‚µã‚¯å‹•ã","å¤§ãã•ã‚„è»½ã•ç”»é¢ã®ç¶ºéº—ã•ã«ã¯æº€è¶³ã‚µãƒ–ã«ã¯ååˆ†éãã‚‹ã»ã©å¿«é©ã§ã™è¿½è¨˜æ€§èƒ½ã«ã¯æº€è¶³ã—ã¦ãŠã‚Šã¾ã—ãŸãŒSDã‚«ãƒ¼ãƒ‰ã‚’èª­ã¿è¾¼ã¾ãªã„ã®ã§ï¼’å°ç›®ã‚’è³¼å…¥ã€‚SiMã‚¹ãƒ­ãƒƒãƒˆã‚’äº¤æ›ã™ã‚Œã°èª­ã¿è¾¼ã‚€ã“ã¨ãŒå‡ºæ¥ã¾ã—ãŸãŒ1å°ã¯å…¨ç„¶èª­ã¿è¾¼ã¿ã‚‚ã—ã¾ã›ã‚“",5,NA
"11","Tablet","Alphawolf Android Tablet 10 inch Tablets, FHD 1920 * 1200 Display, 16GB RAM 128GB ROM Octa Core Processor, Widevine L1, 2.4G/5G WiFi Tablet Android 14","koma13",NA,"","",5,NA
"12","Tablet","Alphawolf Android Tablet 10 inch Tablets, FHD 1920 * 1200 Display, 16GB RAM 128GB ROM Octa Core Processor, Widevine L1, 2.4G/5G WiFi Tablet Android 14","jun",NA,"ç”»è³ªã‚‚ãã‚Œã„ã§å‹•ä½œã‚‚ã‚¹ãƒ ãƒ¼ã‚º","5å¹´ã»ã©åˆ¥ã®ãƒ¡ãƒ¼ã‚«ãƒ¼ã®ã‚¿ãƒ–ãƒ¬ãƒƒãƒˆã‚’ä½¿ç”¨ã—ã¦ãŠã‚Šã€è²·ã„æ›¿ãˆã®ãŸã‚ã«è³¼å…¥ã—ã¾ã—ãŸã€‚æ™®æ®µã®å‹•ç”»è¦–è´ã€èª­æ›¸ã¨ã—ã¦ã®ä½¿ç”¨ãŒãƒ¡ã‚¤ãƒ³ã®ãŸã‚ã€æ€§èƒ½ã‚‚è‰¯ãå¤§æº€è¶³ã§ã™ã€‚",1,NA
"13","Tablet","Samsung Galaxy Tab A9+ Tablet 11â€ 64GB Android Tablet, Big Screen, Quad Speakers, Upgraded Chipset, Multi Window Display, Slim, Light, Durable Design, US Version, 2024, Graphite","Wally","Reviewed in the United States on November 22, 2024","","The Samsung Galaxy Tab A9+ has exceeded my expectations! The 11â€ display is stunningâ€”vibrant colors, sharp resolution, and perfect for streaming movies, browsing the web, or working on documents. The slim design makes it easy to carry, yet it feels durable and premium.Performance is smooth and snappy, thanks to the powerful processor. Apps open quickly, and multitasking is a breeze. Battery life is excellent; I can go all day on a single charge, even with heavy use.I also love the sound qualityâ€”the speakers deliver clear, rich audio that enhances the overall experience. For the price, this tablet offers incredible value. Itâ€™s perfect for students, professionals, or anyone looking for a reliable, affordable Android tablet. Highly recommend!",5,NA
"14","Tablet","Samsung Galaxy Tab A9+ Tablet 11â€ 64GB Android Tablet, Big Screen, Quad Speakers, Upgraded Chipset, Multi Window Display, Slim, Light, Durable Design, US Version, 2024, Graphite","keeton","Reviewed in the United States on November 14, 2024","Fantastic Tablet for Everyday Use!","This is my third Samsung A tablet.  I have found them to be an excellent value for basic use - reading, web surfing, media playback and lightweight games.  I specifically do not use it as a laptop replacement or for hardcore gaming.  The 11"" screen is of an adequate size and the brightness and clarity are perfect for indoor use.  Mine has 128GB storage, which has the more useful upgrade of 8 GB RAM, which makes loading multiple programs much quicker.  There is a SD slot where you can add up to 1 TB, if you require it.The subjective speed of the A9+ is a little quicker than my older A8.  One useful throwback feature is that it has a real headphone jack if you happen to have a quality set of older headphones.  The built-in speakers are better than I would have thought - they are quite clear, but there is still no appreciable bass.Idle time battery life is somewhat less than I would have thought but this unit is still new and I haven't gone through that many charge cycles to sort out what is going on.  If you run the battery pretty far down, it can take a while to charge - about 4 hours from 10% to 100% using a Samsung phone charger.",5,NA
"15","Tablet","Samsung Galaxy Tab A9+ Tablet 11â€ 64GB Android Tablet, Big Screen, Quad Speakers, Upgraded Chipset, Multi Window Display, Slim, Light, Durable Design, US Version, 2024, Graphite","Ron in Palm Springs","Reviewed in the United States on October 16, 2024","","I've been a computer user for many years (not an expert though) and I own a Samsung smart phone and laptop, so I'm not a novice to technology but I am for a tablet. It comes with a lot of bloatware, easily removed, and I was able to easily pair my phone settings to the tablet wirelessly - no problem. Haven't tried using the tablet as a phone yet but I probably will in the future just because it would be handy bedside. So far I have enjoyed it, but I am disappointed that Samsung has sooooo many updates that consume a lot of time. I knew there would be a lot of updates when I first turned it on, but several days in I can still expect a Samsung update almost on a daily basis, and this is after I've done all the customizing that I want. Drives me nuts, so I encourage any new user to take advantage of being able to NOT do auto updates or you'll be without use of the tablet which can be very exasperating and circumvents the desire to quickly search for something!  Do them on command or schedule them!  Samsung - get with it and bundle updates so they are less frequent, albeit more time consuming for each one. Other than that, apps load quickly and the display is crisp and clear and the sound is very good as are response times when moving from app to app or screen to screen. The battery life has been very good so far, and seems better than my cell phone. One thing I don't understand is why Samsung has offset the search bar on the home screen.....it is off center to the left on the screen no matter how I turn the device. Not a deal breaker but just looks very odd, if not outright silly on an otherwise very classy looking screen. The tablet is quite light, very thin, and the 10"" size is great for people who may be visually impaired like me. I especially like the touch keyboard that automatically displays with the Google search bar. Once I get past my learning curve, I'm sure I'll have more to say, but all in all, I'm mostly happy with the purchase.",5,NA
"16","Tablet","Samsung Galaxy Tab A9+ Tablet 11â€ 64GB Android Tablet, Big Screen, Quad Speakers, Upgraded Chipset, Multi Window Display, Slim, Light, Durable Design, US Version, 2024, Graphite","Lorecus Jamerson","Reviewed in the United States on November 20, 2024","Good basic tablet","It's a good buy for the price, should've waited until blackfriday week to purchase but what the heck it's still worth the price.. I don't know why all the bad reviews but this tablet is simply beautiful.  Does what it says, and no the setup doesn't take that long but to sync your phone takes maybe 15 min, but the performance is ok, it lags a little when you keep adding more apps to it, durable, screen quality is 1080p, from what I see... overall, not a bad purchase, I just watch movies and Netflix on it and it's wifi and hotspot capable. I'm in the oilfield and it works fine with my hotspot.. works amazing on wifi at home.. again, I would buy another one, just with more gbytes though...",4,NA
"17","Tablet","Samsung Galaxy Tab A9+ Tablet 11â€ 64GB Android Tablet, Big Screen, Quad Speakers, Upgraded Chipset, Multi Window Display, Slim, Light, Durable Design, US Version, 2024, Graphite","Gregory","Reviewed in Brazil on November 16, 2024","","Ele Ã© Ã³timo pra coisas simples, ele n seria ideal pra encher de aplicativos, arquivos e coisas q possa pesar ele, ele Ã© ideia pra caso vc nÃ£o possa ter nada muito avanÃ§ado, mas tambÃ©m precisa de algo bom, o modelo dele trava muito, de primeira apÃ³s aberto jÃ¡ aprensetou travar mt, mas nÃ£o me incomodou e nÃ£o atrapalhou, ele Ã© Ã³timo de verdade,eu estou feliz com ele pq vai suprir minhas necessidades que nÃ£o sÃ£o mts, ent ele vale mt a pena, chegou na data prescrita e chegou em perfeito estado, nÃ£o tenho reclamaÃ§Ãµes. AgradeÃ§o pela compra pq com certeza valeu muito a pena",5,NA
"18","Tablet","Samsung Galaxy Tab A9+ Tablet 11â€ 64GB Android Tablet, Big Screen, Quad Speakers, Upgraded Chipset, Multi Window Display, Slim, Light, Durable Design, US Version, 2024, Graphite","Gregory","Reviewed in Mexico on October 12, 2024","First time Tablet user","",5,NA
"19","Tablet","Samsung Galaxy Tab A9+ Tablet 11â€ 64GB Android Tablet, Big Screen, Quad Speakers, Upgraded Chipset, Multi Window Display, Slim, Light, Durable Design, US Version, 2024, Graphite","Linda","Reviewed in Canada on August 22, 2024","","La calidad es demasiado buena para el precio, de verdad me sorprendiÃ³ ğŸ©¶",5,NA
"20","Tablet","Samsung Galaxy Tab A9+ Tablet 11â€ 64GB Android Tablet, Big Screen, Quad Speakers, Upgraded Chipset, Multi Window Display, Slim, Light, Durable Design, US Version, 2024, Graphite","Chelly","Reviewed in the United Arab Emirates on November 28, 2024","It lags just a little! 64gb silver.","",5,NA
"21","Tablet","Samsung Galaxy Tab A9+ Tablet 11â€ 64GB Android Tablet, Big Screen, Quad Speakers, Upgraded Chipset, Multi Window Display, Slim, Light, Durable Design, US Version, 2024, Graphite","Chelly","Reviewed in the United Arab Emirates on November 7, 2024","Ã“tima aquisiÃ§Ã£o","",5,NA
"22","Tablet","Samsung Galaxy Tab A9+ Tablet 11â€ 64GB Android Tablet, Big Screen, Quad Speakers, Upgraded Chipset, Multi Window Display, Slim, Light, Durable Design, US Version, 2024, Graphite","ahmed badr",NA,"","The media could not be loaded.",5,NA
"23","Tablet","Samsung Galaxy Tab A9+ Tablet 11â€ 64GB Android Tablet, Big Screen, Quad Speakers, Upgraded Chipset, Multi Window Display, Slim, Light, Durable Design, US Version, 2024, Graphite","Alaa karazi",NA,"Muy bueno","Iâ€™m really happy with my purchase. Its a really great tablet, definitely worth it .",5,NA
"24","Tablet","Tablet,10.1 Android Tablet with Octa-core Processor 10GB RAM 128GB ROM HD IPS Touchscreen 8H Battery, Wi-Fi 6, BT 5.0, Dual Camera, Google Tablets 2024","James","Reviewed in the United States on November 25, 2024","","The size is good fit for kids not too small and not too big, just right. Great picture quality with vibrant color. Easy to use. Good speaker with sharp quality sound. Fast processor good packed with last Android operating system. The battery life is good last for while.  Made with good materials . The last thing is the price is good total worth it.",5,NA
"25","Tablet","Tablet,10.1 Android Tablet with Octa-core Processor 10GB RAM 128GB ROM HD IPS Touchscreen 8H Battery, Wi-Fi 6, BT 5.0, Dual Camera, Google Tablets 2024","pugdog24","Reviewed in the United States on October 10, 2024","Great product","Let me just say that this tablet is an amazing value!  I also have a Samsung Galaxy Tab A7, which I paid over $200 for, and have had Lenovo and Huawei tablets...For WAY less than half the price, I now have this tablet, which performs as well as, if not better than the others. I am VERY pleased! I've been using this URAO tablet for about 3 weeks now.To begin with, this URAO tablet came quickly, and the packaging was IMMACULATE!  Had about 85% charge, set up went quickly and smoothly, with ability to bring everything over from other tablets.  While I did not use that option, it was appreciated!  This tablet is just as advertised, and totally performs.The feel of the tablet is SOLID, no fault with its physical build at all.  It's quick in operation with all apps, battery longevity is as described, no issues there, charges quickly.I have noticed that WIFI reception is noticeably better than my other tablets as far as distance from the modem goes, which is a good thing.  Seriously, the ONLY negative about this tablet, to me, is that it REALLY needs to have a good screen protector, the reason being is that, again for me, something about the way the naked screen feels when I swipe to type, or scroll, it seems to be a skittery FEEL.  That was fixed completely by putting on a good screen protector - now it feels perfectly normal, smooth, and the touch sensitivity has not been affected at all by that addition. As a note, I would have put a screen protector on it anyway.One other mention is the resolution...while it IS HD 1280x800, the last two tablets I have purchased are FHD, which is noticeable to me.  But certainly NOT a deal-breaker, at that price.Now, while the TABLET is STELLAR, particularly for the price, there are a couple of disappointments...I do wish there had been a folio case paired with the purchase to consider.  I see nothing.  A case, to me, is a requirement, for protection from drops, etc.  I was able to adapt my old Lenovo case, simply by using double-sided sticky tape on the back of the URAO, and affixing it to the inside of my old case.  Not perfect, but usable.I also wish that there had been a recommended screen protector.  I went out and purchased a 10.1 diagonal, which is just a skosh larger than the screen, so there is overlap. A 10.0 diagonal might be a better shot for anyone wishing to do what I did and add that.*** UPDATE***It's been several weeks, now, and I'm happy to report in looking around again, I HAVE found BOTH a screen protector AND a case for this tablet...links belowhttps://www.amazon.com/dp/B0DH2WL1P8?ref=ppx_yo2ov_dt_b_fed_asin_titlehttps://www.amazon.com/dp/B0DH382VH7?ref=ppx_yo2ov_dt_b_fed_asin_title====================================================================There is one annoying aspect of using this tablet... it is NOT the tablet itself, but Android 14 seems to be significantly different in the way some things work from the Android 12 I am used to.  BUT...I am working through that.  That's on me....This is a GREAT buy, I am TOTALLY happy with the tablet and the purchase. You will be, too...I waffled about making the purchase, simply because I am pretty much a brand name buyer when it comes to electronics, but this is awesome.  It had a lot of verified purchaser high star ratings, few low ratings, the seller had great ratings, and I took a chance.  Yay for me!",5,NA
"26","Tablet","Tablet,10.1 Android Tablet with Octa-core Processor 10GB RAM 128GB ROM HD IPS Touchscreen 8H Battery, Wi-Fi 6, BT 5.0, Dual Camera, Google Tablets 2024","Ashley Warner","Reviewed in the United States on November 3, 2024","","I recently got my hands on the 10.1 inch Tablet, and I must say, it has exceeded my expectations in every way. The sleek design and lightweight build make it incredibly portable and easy to carry around. The display is stunning, offering vibrant colors and sharp details, which is perfect for watching movies, browsing the web, or even reading e-books.Performance-wise, the Tablet is a powerhouse. It handles multitasking with ease, thanks to its robust processor and ample RAM. Apps open quickly, and I haven't experienced any lag, even when running demanding applications. The battery life is another standout feature, easily lasting through a full day of heavy use without needing a recharge.The user interface is intuitive and user-friendly, making it a breeze to navigate through the various features and settings. The camera quality is impressive for a tablet, capturing clear and detailed photos. Overall, the Tablet is a fantastic device that offers great value for its price. Whether you're using it for work, entertainment, or creative projects, it won't disappoint.",5,NA
"27","Tablet","Tablet,10.1 Android Tablet with Octa-core Processor 10GB RAM 128GB ROM HD IPS Touchscreen 8H Battery, Wi-Fi 6, BT 5.0, Dual Camera, Google Tablets 2024","saranellm","Reviewed in the United States on December 2, 2024","Had to give this 5 stars......","I was leery of an off brand tablet, but this tablet exceeded my expectations. It is fast and so far, no issues. The updates all went smoothly and I had no problem downloading apps. The picture quality is fine and so is the sound. The battery drained quickly doing all the initial downloads and it is taking a while to charge. This is not a big deal for me. The tablet comes loaded with Google products and ready to go. Not a lot of bloatware. It is rather heavy so you need a tablet holder for intense work. I haven't taken pictures but did not purchase this for photos. Recommended if you are looking for a cheap tablet.",4,NA
"28","Tablet","Tablet,10.1 Android Tablet with Octa-core Processor 10GB RAM 128GB ROM HD IPS Touchscreen 8H Battery, Wi-Fi 6, BT 5.0, Dual Camera, Google Tablets 2024","saranellm","Reviewed in the United States on December 5, 2024","","This tablet is an excellent option for those looking for power and versatility. Its 10.1-inch HD IPS screen offers sharp and vibrant image quality. The octa-core processor and 10GB of RAM ensure smooth performance, even with demanding apps, while the 128GB of storage provides plenty of space for files and media. The battery easily lasts 8 hours, perfect for a full day of use. Additionally, Wi-Fi 6 and Bluetooth 5.0 ensure fast and stable connections. Finally, the dual cameras are a handy bonus. Excellent value for money!",4,NA
"29","Tablet","Tablet,10.1 Android Tablet with Octa-core Processor 10GB RAM 128GB ROM HD IPS Touchscreen 8H Battery, Wi-Fi 6, BT 5.0, Dual Camera, Google Tablets 2024","Yosi","Reviewed in the United States on October 31, 2024","Sleek, elegant and POWERFUL","I recently purchased the URAO 10.1"" Android Tablet, and Iâ€™m really impressed with its performance and features! The 10GB RAM and 128GB storage make multitasking smooth, and the Android 14 OS is responsive and user-friendly. Streaming on Netflix looks amazing on the HD IPS display, and with Widevine L1 support, I can enjoy HD content without any issues. The octa-core processor handles apps effortlessly, and the Wi-Fi 6 connectivity ensures fast internet speeds. The 8-hour battery life is a great bonus, perfect for a full dayâ€™s use. Highly recommend this tablet for anyone looking for power and affordability!",5,NA
"30","Tablet","Tablet,10.1 Android Tablet with Octa-core Processor 10GB RAM 128GB ROM HD IPS Touchscreen 8H Battery, Wi-Fi 6, BT 5.0, Dual Camera, Google Tablets 2024","Kate",NA,"",NA,5,NA
"31","Tablet","COOPERS Tablet 10 inch, Android 14 Tablet, 32GB ROM 1TB Expand Computer Tablets, Quad Core Processor 6000mAh Battery, 1280x800 IPS Touch Screen, 2+8MP Dual HD Camera, Bluetooth WiFi Tablet PC","Amazon Customer","Reviewed in the United States on October 2, 2024","","Dislike because tablet  will not ture on",5,NA
"32","Tablet","COOPERS Tablet 10 inch, Android 14 Tablet, 32GB ROM 1TB Expand Computer Tablets, Quad Core Processor 6000mAh Battery, 1280x800 IPS Touch Screen, 2+8MP Dual HD Camera, Bluetooth WiFi Tablet PC","Melissa Sassaman","Reviewed in the United States on December 7, 2024","Tablet will  not turn on","I just got my tablet yesterday. When I got it I tried to power it on as i need it for my job and it will not power on at all. I thought maybe it needed to be charged. Nope it won't do anything at all. Worst purchase ever. How do I get my money back?",1,NA
"33","Tablet","COOPERS Tablet 10 inch, Android 14 Tablet, 32GB ROM 1TB Expand Computer Tablets, Quad Core Processor 6000mAh Battery, 1280x800 IPS Touch Screen, 2+8MP Dual HD Camera, Bluetooth WiFi Tablet PC","I love it very much thank you so much","Reviewed in the United States on February 21, 2024","","The tablet I'm sending back it's so slow is unbelievable I can look for something go to the bathroom come back to the living room and it's still searching so I'm going to send that back tomorrow I already got it packed up it wasn't too easy for me to mail it right away because I have a right foot partial amputation my wife doesn't drive I don't have a car anymore so tomorrow she's going shopping does the UPS right next to the ShopRite she'll go there everything is in the box but it was super slow",5,NA
"34","Tablet","COOPERS Tablet 10 inch, Android 14 Tablet, 32GB ROM 1TB Expand Computer Tablets, Quad Core Processor 6000mAh Battery, 1280x800 IPS Touch Screen, 2+8MP Dual HD Camera, Bluetooth WiFi Tablet PC","John","Reviewed in the United States on October 28, 2024","DO NOT BUY","It arrived and wouldn't turn on no matter what I did, I see that a lot as a customer review here, what you have to do is to charge it for about half an hour then it starts up fine.I needed a 50 dollar tablet, I got a 50 dollar tablet.  It's slow but that's okay; all I needed was something I could download Kindle to.  After uninstalling all the applications I didn't need it works alright.  This thing can go days without a charge if you're using it regularly or weeks if you're using it once in a while.  I use it to do my college homework reading during my lunch break at work and listen to music on the train and I've needed to charge it once in that week.Be careful with the screen though.  I had the tablet face down on my table and a literal crumb of food scratched the surface. The scratch isn't a deal breaker for me since everything still works but it might be for others.",4,NA
"35","Tablet","COOPERS Tablet 10 inch, Android 14 Tablet, 32GB ROM 1TB Expand Computer Tablets, Quad Core Processor 6000mAh Battery, 1280x800 IPS Touch Screen, 2+8MP Dual HD Camera, Bluetooth WiFi Tablet PC","KG","Reviewed in the United States on October 17, 2023","","The first purchase I had to return, would no longer charge.  The replacement is constantly freezing and I don't  have any Social Media or additional apps.  I don't use it much, because it's too slow and and when it freezes, you must click on another Tab in order for you to return to frozen tab, and this will sometimes un-freeze it.  I have yet to watch any movies, just basic internet surfing and it can't handle that.  The battery life sucks, too.  This is not a good Tablet...",3,NA
"36","Tablet","COOPERS Tablet 10 inch, Android 14 Tablet, 32GB ROM 1TB Expand Computer Tablets, Quad Core Processor 6000mAh Battery, 1280x800 IPS Touch Screen, 2+8MP Dual HD Camera, Bluetooth WiFi Tablet PC","This is my very first HP laptop and I have absolutely no regrets I love everything about it","Reviewed in the United States on November 20, 2024","It is too slow too too slow","Daughter loved the tablet it has great quality easy for her to use has a bit of freezing appearance is good as well",5,NA
"37","Tablet","COOPERS Tablet 10 inch, Android 14 Tablet, 32GB ROM 1TB Expand Computer Tablets, Quad Core Processor 6000mAh Battery, 1280x800 IPS Touch Screen, 2+8MP Dual HD Camera, Bluetooth WiFi Tablet PC","Robin","Reviewed in the United States on September 4, 2024","","Works great. Plays games as well as any brand name gaming tablet. I transfered my games from my phone, so as no to tie up my phone. Plus much bigger screen. Love it. And very affordable.",5,NA
"38","Tablet","COOPERS Tablet 10 inch, Android 14 Tablet, 32GB ROM 1TB Expand Computer Tablets, Quad Core Processor 6000mAh Battery, 1280x800 IPS Touch Screen, 2+8MP Dual HD Camera, Bluetooth WiFi Tablet PC","Susan","Reviewed in the United States on July 26, 2021","You Get What You Pay For","UPDATE: It turns out that the working memory (RAM) of this tablet is quite small, only 1GB. If you clear your caches frequently and/or turn it off often (daily), it clears the RAM and then it works better. It's still on the slow side with only 30% of the storage full, and I'll be upgrading when I can.On the enumerated items below:1. Less of a problem.2. Less of a problem when you learn where to touch.3. Still a big problem.4. See above.===============I purchased this tablet because it had a more current Android version. (Be careful! Some of the others had 4.4 when this one was 10.0!) Unfortunately...1. The screen is lacking responsiveness and drops the contact midway when swiping around (think of a word game where you have to swipe between letters).2. It's very difficult to initiate a touch. If an ad has an X to close, it can take many attempts to actually engage the X instead of going to Google Play to download the app being advertised.3. The screen has a funny feel, and after using a brand-new stylus for 48 hours, there are light but permanent scratches in the screen. (!!!!!) (Fingers are better.)4. It's slow and can't handle some more complicated games, such as a parking lot puzzle game with figures guarding exits.Granted, the tablet's cost was less than $100, but still... I needed a tablet right away and I guess it will work for basic things (I haven't tried it yet with Zoom), but I'll be replacing it as soon as I can afford a better one.",2,NA
"39","Tablet","COOPERS Tablet 10 inch, Android 14 Tablet, 32GB ROM 1TB Expand Computer Tablets, Quad Core Processor 6000mAh Battery, 1280x800 IPS Touch Screen, 2+8MP Dual HD Camera, Bluetooth WiFi Tablet PC","sebastien poulin","Reviewed in Canada on August 21, 2024","","Parfais moi je m'en sert comme une Ã©cran de camÃ©ra de surveillance.",5,NA
"40","Tablet","COOPERS Tablet 10 inch, Android 14 Tablet, 32GB ROM 1TB Expand Computer Tablets, Quad Core Processor 6000mAh Battery, 1280x800 IPS Touch Screen, 2+8MP Dual HD Camera, Bluetooth WiFi Tablet PC","Stephanie clark","Reviewed in Canada on July 3, 2024","Freezes","",1,NA
"41","Tablet","COOPERS Tablet 10 inch, Android 14 Tablet, 32GB ROM 1TB Expand Computer Tablets, Quad Core Processor 6000mAh Battery, 1280x800 IPS Touch Screen, 2+8MP Dual HD Camera, Bluetooth WiFi Tablet PC","Hariklia Retsinas","Reviewed in Canada on September 28, 2023","","I had to return one because it refused to work. Now a second one has stopped charging for no reason. And all charge cords broke within a month. (I purchased three of these)",4,NA
"42","Tablet","COOPERS Tablet 10 inch, Android 14 Tablet, 32GB ROM 1TB Expand Computer Tablets, Quad Core Processor 6000mAh Battery, 1280x800 IPS Touch Screen, 2+8MP Dual HD Camera, Bluetooth WiFi Tablet PC","Jacques Roy","Reviewed in Canada on July 3, 2024","Nice","I purchased this tablet for my sibling back in March of 2023, and not even a year later they are experiencing troubleshooting issues. The tablet remains frozen and the reboot stage and continues to loop. I'm not sure if its an issue with the system due to an update or a defect with the product.  If anyone is having this issue let me know. Other than this issue, the tablet was perfect for their every day activities ie. Pictures, games, videos etc.",5,NA
"43","Tablet","COOPERS Tablet 10 inch, Android 14 Tablet, 32GB ROM 1TB Expand Computer Tablets, Quad Core Processor 6000mAh Battery, 1280x800 IPS Touch Screen, 2+8MP Dual HD Camera, Bluetooth WiFi Tablet PC","Dezerray","Reviewed in Canada on May 9, 2024","","un produit qui se donne bien et qui est de bonne qualitÃ©/ moniteur parfait",3,NA
"44","Tablet","YQSAVIOR Tablet, Android 12 10 Tablet, 6GB RAM 128GB ROM 1TB Expansion with Case, Support 5G WiFi Wi-fi 6, IPS Touch Screen, Dual Cameras, BT5.0, 1PCS (Rose Gold)","Carmen L Perez","Reviewed in the United States on August 30, 2024","","Everything literally came in one package. Also good for the price. Easy to set up",5,NA
"45","Tablet","YQSAVIOR Tablet, Android 12 10 Tablet, 6GB RAM 128GB ROM 1TB Expansion with Case, Support 5G WiFi Wi-fi 6, IPS Touch Screen, Dual Cameras, BT5.0, 1PCS (Rose Gold)","Christy Litton","Reviewed in the United States on November 7, 2024","2 in 1 tablet","I liked the tablet up until I attempted to set it up then when it got to the screen where it gives u the option to transfer data and it freezes it doesn't move forward so I contact amazon and they done absolutely nothing other than tell me I had to go threw the store to get ahold of  the company and I haven't had no luck so I've spent $60 on a peace of junk and Amazon don't want to help me and I can't get ahold the company so I'm thinking about contacting the better business bureau",1,NA
"46","Tablet","YQSAVIOR Tablet, Android 12 10 Tablet, 6GB RAM 128GB ROM 1TB Expansion with Case, Support 5G WiFi Wi-fi 6, IPS Touch Screen, Dual Cameras, BT5.0, 1PCS (Rose Gold)","DontLazeMeBro","Reviewed in the United States on July 13, 2023","","I'm very pleased with this 6GB Android 11 tablet, especially for the price.  The performance is good for everyday use as long as you dont expect it to be as fast as an iPad that costs 5 times as much.The only significnat issue I've noticed is:-On USB-C power, the microphone works totally fine and is crystal clear.  When I pull the USB-C plug out, the microphone audio quality has a LOT of interference.  I've been able to reproduce this several times.",4,NA
"47","Tablet","YQSAVIOR Tablet, Android 12 10 Tablet, 6GB RAM 128GB ROM 1TB Expansion with Case, Support 5G WiFi Wi-fi 6, IPS Touch Screen, Dual Cameras, BT5.0, 1PCS (Rose Gold)","Brinda Bishop","Reviewed in the United States on June 6, 2024","They don't work and u can't get no help","Videos",5,NA
"48","Tablet","YQSAVIOR Tablet, Android 12 10 Tablet, 6GB RAM 128GB ROM 1TB Expansion with Case, Support 5G WiFi Wi-fi 6, IPS Touch Screen, Dual Cameras, BT5.0, 1PCS (Rose Gold)","Jon Christopher Michael","Reviewed in the United States on February 25, 2024","","Very poor quality. Screen and back separates when trying to remove the cover.Had to return because the first one quit charging within 2 weeks. Second one seems to be working better. Has two sound levels. Silent and ear shattering.Just spend the extra 20 bucks and get a fire tablet.",2,NA
"49","Tablet","YQSAVIOR Tablet, Android 12 10 Tablet, 6GB RAM 128GB ROM 1TB Expansion with Case, Support 5G WiFi Wi-fi 6, IPS Touch Screen, Dual Cameras, BT5.0, 1PCS (Rose Gold)","Amazon Customer","Reviewed in the United States on March 29, 2024","Real Android 11 tablet -- not Android Go","Works great. Love it",5,NA
"50","Tablet","YQSAVIOR Tablet, Android 12 10 Tablet, 6GB RAM 128GB ROM 1TB Expansion with Case, Support 5G WiFi Wi-fi 6, IPS Touch Screen, Dual Cameras, BT5.0, 1PCS (Rose Gold)","No","Reviewed in the United States on September 27, 2024","","Work",3,NA
"51","Tablet","YQSAVIOR Tablet, Android 12 10 Tablet, 6GB RAM 128GB ROM 1TB Expansion with Case, Support 5G WiFi Wi-fi 6, IPS Touch Screen, Dual Cameras, BT5.0, 1PCS (Rose Gold)","Amazon Customer","Reviewed in the United States on February 25, 2024","Awesome","It is great no issues, my mom loves it",5,NA
"52","Tablet","New Amazon Fire HD 8 Kids tablet, ages 3-7 | 3GB memory, bright 8 HD screen. Includes ad-free and exclusive content, parental controls and 13-hr battery, 32GB, Grape, (2024 release)","Lis Ramos","Reviewed in the United States on December 10, 2024","","We got the 7inch one and had low expectations, the durability Is incredible and the processing system is ok for a kid. This one and the 7 inch both survived an accidental pool immersion, they still work perfectly fine.",5,NA
"53","Tablet","New Amazon Fire HD 8 Kids tablet, ages 3-7 | 3GB memory, bright 8 HD screen. Includes ad-free and exclusive content, parental controls and 13-hr battery, 32GB, Grape, (2024 release)","That1GuyUknw","Reviewed in the United States on December 5, 2024","Amazing!","It's a standard amazon fire tablet but with a protective case fit for kids and an app that'll switch to kid friendly content. You can download an app to your own phone and control the amount of time they spend on the tablet which I find amazing. Plus the ease of not having to worry about replacing it when it's broken due to Amazon's return policy for these. Definitely worth the price.",5,NA
"54","Tablet","New Amazon Fire HD 8 Kids tablet, ages 3-7 | 3GB memory, bright 8 HD screen. Includes ad-free and exclusive content, parental controls and 13-hr battery, 32GB, Grape, (2024 release)","Dean B","Reviewed in the United States on December 4, 2024","","My daughter had a kindle fire kids tablet for many yrs and it finally stopped working .This tablet exceeded my expectations.very child friendly,tons of games..etc to download ,excellent parental controls,and stellar battery lifeâ€¦",5,NA
"55","Tablet","New Amazon Fire HD 8 Kids tablet, ages 3-7 | 3GB memory, bright 8 HD screen. Includes ad-free and exclusive content, parental controls and 13-hr battery, 32GB, Grape, (2024 release)","Misty Hammontree","Reviewed in the United States on December 13, 2024","Very durable and a go to for kids tablets","My grandson is 3 in March and he thoroughly enjoyed it. And he was able to teach grandma a few things too.ğŸ˜‰",5,NA
"56","Tablet","New Amazon Fire HD 8 Kids tablet, ages 3-7 | 3GB memory, bright 8 HD screen. Includes ad-free and exclusive content, parental controls and 13-hr battery, 32GB, Grape, (2024 release)","MIsterdoggy","Reviewed in the United States on December 9, 2024","","Absolutely terrible experience. Im not too used to tablets although I have a kindle. But the setup phase was so difficult and finally after you get used to the double tap after selecting what letter you are going to tap it will tap an extra letter or number and even the password field didn't select a keyboard to put in the password. I kept trying to adapt my double tap to work but it just didnt respond to my double tap to continue with my password. So I was at an IMPASSE.  It was soooo difficult that giving this to a 4 year old when an adult cant even navigate just seemed preposterous and I immediately put it back in the box to return it.",1,NA
"57","Tablet","New Amazon Fire HD 8 Kids tablet, ages 3-7 | 3GB memory, bright 8 HD screen. Includes ad-free and exclusive content, parental controls and 13-hr battery, 32GB, Grape, (2024 release)","Samantha","Reviewed in the United States on December 9, 2024","Great tablet made just for kids","Works great, battery is great. A little hard to get used to and learn how to navigate it as a parent switching back and forth! But it works well and my son loves it! The screen is very sensitive to cleanliness so make sure the screen is cleaned often!",4,NA
"58","Tablet","New Amazon Fire HD 8 Kids tablet, ages 3-7 | 3GB memory, bright 8 HD screen. Includes ad-free and exclusive content, parental controls and 13-hr battery, 32GB, Grape, (2024 release)","smoresgalore","Reviewed in the United States on December 3, 2024","","My daughter loves her tablet. It has 32 GB so it holds so much more than the 16. We were able to put about 2-4 games on the 16 and we're constantly deleting them to add more space. Thus one has more room. The battery lasts forever and it's easy to use.",5,NA
"59","Tablet","New Amazon Fire HD 8 Kids tablet, ages 3-7 | 3GB memory, bright 8 HD screen. Includes ad-free and exclusive content, parental controls and 13-hr battery, 32GB, Grape, (2024 release)","carissa round","Reviewed in the United States on December 5, 2024","Just perfect!","Bought this for my 4 yo granddaughter. My 23 yo son played a game on it and said he was humbled by it. Lol. So they are going to be challenging enough for her to not be bored right away. I paid for a year of Amazon kids which was reasonable, and she'll be entertaining for her. You can also download other apps like Netflix on it too.",5,NA
"60","Tablet","10 inch Tablet Android 13 Tablets, 6GB RAM 64GB ROM 512GB Expand, Quad-Core Processor, 1280x800 IPS HD Touch Screen, GPS, WiFi, Dual Camera, Bluetooth, 6000mAh Battery (Gray)","Amazon Customer","Reviewed in the United States on April 11, 2024","","I would like to give an update to my initial do not buy review. The initial review was due to the battery not charging after 30 days of ownership and the slow processing speed for watching movies and playing games.I was contacted a couple of days after writing the review from the company. They stated that the issues I was encountering was unusual for the product I purchased and even though the 30 day return window had closed they offered to refund or send me a replacement tablet. I graciously accepted the replacement tablet, but to my surprise they offered to replace it with an upgraded tablet with 2 in 1 android 13 with a 10.1 inch screen. This has a storage space of 128 GB and 4GB+4GB RAM.Itâ€™s refreshing  to see that there are still companies who operate with honesty and with Integrity, for this reason I am going to change the do not buy to buy from this company, great customer service, canâ€™t go wrong from buying from this company.I will follow up on the new tablet in 30 days.",5,NA
"61","Tablet","10 inch Tablet Android 13 Tablets, 6GB RAM 64GB ROM 512GB Expand, Quad-Core Processor, 1280x800 IPS HD Touch Screen, GPS, WiFi, Dual Camera, Bluetooth, 6000mAh Battery (Gray)","Amazon Customer","Reviewed in the United States on January 10, 2024","Do not buy. UPDATE","This is my first time buying something off  Amazon since I'm only 11 but for an 11-year-old I know a lot you cannot play certain games on this tablet The games will be glitchy or it will literally say this product is not bound to have this app It stopped working and I blamed it on my mom but I took the back off of it to try and take the battery out and put it back in because that's what Google said would work and immediately when I took it off I seen that there were wires and tape that was extremely loose having the battery stick to the tablet one of the wires weren't even attached to the tablet battery which I'm guessing is why the tablet stopped working it doesn't even turn on anymore Another thing You can't really take good videos or good pictures Snapchat pictures are hard to take or just regular pictures in general And you can't even Set a timer for your pictures or videos You have to take a picture to see the picture that you already took and Is really irritating It froze time to time I still used it though Those two weeks were kind of fun Because I am homeschooled and I'm stuck in the house all day and also when I'm on Snapchat and I'm talking to my friends and they call me i can't hear anything if I join my group chat I can't hear anything they told me to put in headphones and that didn't even work i had to mute my mic to hear them which is really odd because it doesn't happen with any other tablet I get Or I don't think it happens Even though I literally only had Snapchat for one day because my mom made me delete it I could point out the things wrong with that tablet But I still used it cuz I was grateful.",5,NA
"62","Tablet","10 inch Tablet Android 13 Tablets, 6GB RAM 64GB ROM 512GB Expand, Quad-Core Processor, 1280x800 IPS HD Touch Screen, GPS, WiFi, Dual Camera, Bluetooth, 6000mAh Battery (Gray)","Olianna aka bobaloni","Reviewed in the United States on September 3, 2023","","The title states it is an Android 12 tablet, the description says Android 11, and the actual tablet is indeed Android 12. The tablet is thin and light, it doesn't look cheap or low quality, but it is way too light makes you wonder if the tablet is made of pure plastic. It feels much better after putting on the silicon gel protector. I got the feeling the plastic stand in the back of the silicon gel will break soon, but we will see. The charging port is USB-C, which is a big plus. The tablet did not come with a charger, only a USB to USB-C charging cable. It charges fine in the USB port on my extension power strip and the USB charger came with an iPhone or Amazon Fire stick. The battery lasts about 4-5 hours, which is not bad at all.CPU model is indeed SC7731E, but it Quad-Core ARM Cortex A7 runs at 1.3GHz instead of Quad-Core ARM CortexTM A55 MP8 at 1.4GHz stated in the description. Total RAM is 2Gb instead of 3Gb in description and internal storage is indeed 64Gb. Screen size 10.1 1280x800 resolution as stated. GPS functions correctly, Wifi only supports 2.4 GHz and can not detect 5 GHz wifi, which is the major significant downside of this tablet. The download speed for Wi-Fi is about 5.8mbps while my iPhone gets 104mbps when connected to the same router but 5GHz Wi-Fi. Basically, you get what you paid for. The description stated configuration is not realistic in the $50 price range at this moment TBH.Set the specs aside, the performance of this tablet is ok, very ok. I mean you don't feel the responsiveness you get on your iPhone for sure, but you don't feel it is terribly slow either. It will become very slow if you install too many apps or run out of internal storage space, so you need to have a clear definition of what apps you want to keep on this tablet. I keep YouTube, Kindle, PrimeVideo, VLC, Amazon, eBay, Facebook, etc. because I define it as reading and video streaming devices. Light games such as Sudoku, Water Sort, and Plant vs. Zombie work just fine.This tablet came with the app iWawa, which is an educational app for kids. This app makes me wish I had bought this tablet earlier. If you have an Android tablet, check if you can install this app, highly recommended for babies and kids. Sadly it is not available for iPhone or iPad, but now I'm glad I bought this tablet. My original plan is to use this low-end Android tablet as a reading, shopping, and video streaming device while I do my game mission on my iPhone, now I have to do all this on my daughter's iPad Air3.In summary, screw the specs, if you have kids 2-8 years old, and you want a cheap but reasonable quality Android tablet to run iWawa, this one is more than good enough. It also works as a good enough low-end Android tablet as a reading, shopping, YouTube, and video streaming device, whenever your kids are not allowed to use the tablet.",1,NA
"63","Tablet","10 inch Tablet Android 13 Tablets, 6GB RAM 64GB ROM 512GB Expand, Quad-Core Processor, 1280x800 IPS HD Touch Screen, GPS, WiFi, Dual Camera, Bluetooth, 6000mAh Battery (Gray)","Yizhou He","Reviewed in the United States on November 6, 2024","Does not turn on after 2 weeks","You really can't beat this tablet for the money. It's a little laggy on bootup, but after a few minutes it runs fine. I've had this tablet for about four months now and use it mainly to watch videos and surf. I don't play games so I can't speak to that. As an e-reader is great.  It multitasks fine as well.",5,NA
"64","Tablet","10 inch Tablet Android 13 Tablets, 6GB RAM 64GB ROM 512GB Expand, Quad-Core Processor, 1280x800 IPS HD Touch Screen, GPS, WiFi, Dual Camera, Bluetooth, 6000mAh Battery (Gray)","JuliaGran","Reviewed in the United States on November 25, 2024","","Easy to use tablet. Easy to charge and seems to hold charge well. Light weight. Connecting to my internet was no problem. It doesnâ€™t have any slackness and has good speed when connecting and searching. Good deal for the money!",4,NA
"65","Tablet","10 inch Tablet Android 13 Tablets, 6GB RAM 64GB ROM 512GB Expand, Quad-Core Processor, 1280x800 IPS HD Touch Screen, GPS, WiFi, Dual Camera, Bluetooth, 6000mAh Battery (Gray)","Melissa","Reviewed in Singapore on October 17, 2024","Great budget tablet for kids","Liked very much.",5,NA
"66","Tablet","10 inch Tablet Android 13 Tablets, 6GB RAM 64GB ROM 512GB Expand, Quad-Core Processor, 1280x800 IPS HD Touch Screen, GPS, WiFi, Dual Camera, Bluetooth, 6000mAh Battery (Gray)","delivered in good condition before the expected delivery date. Happy to receive and ordered 2 more tabs for our kids too. Thanks to the supplier.",NA,"",NA,5,NA
"67","Tablet","Samsung Galaxy Tab S6 Lite 10.4' 64GB WiFi Android Tablet, S Pen Included, Gaming Ready, Long Battery Life, Slim Metal Design, Expandable Storage, US Version, Oxford Gray, Amazon Exclusive","AnotherUser","Reviewed in the United States on August 25, 2024","","Bought this on discount.  Definitely worth the price at the point.  With the S-Pen and the good usability of the tablet, I find it very useful for browsing and doing minor edits in Google Docs, etc.  The battery life is pretty decent, and the screen and sound is pretty good for watching videos.  Better than the Kindle 10 fire.So if you only want to watch videos / browse and not do much else, buying a Kindle 10 Fire on discount is probably a better deal.  Though if you want to do more productivity stuff, the S-Pen that comes with it is very handy.  There are plenty of affordable and sturdy cases for this device that will also hold the pen.In terms of speed, it works fine.  But if you've used an iPad Pro, you will notice it has more of a lag when loading new web pages.  Not enough to matter, but to be noted if you're used to the rapid loading speeds. Upon initial device setup, there's a lot of software updates, etc. which makes the lag more noticeable until they're all done.Finally, you can also consider the Samsung FE tablet, which is more premium table for more money.  I ended up sticking with this one, not because of the price, but because that one is about 20% heavier, and this lightweight tablet made it so easy to carry and use.  Also, there are sometimes trade programs to get the FE tablet.  If you use this one for a few years, then pay a little bit to get more for a new FE tablet, then it's an even better deal.  But you can't go wrong with the FE tablet now too if you're in the market for a more powerful device.",5,NA
"68","Tablet","Samsung Galaxy Tab S6 Lite 10.4' 64GB WiFi Android Tablet, S Pen Included, Gaming Ready, Long Battery Life, Slim Metal Design, Expandable Storage, US Version, Oxford Gray, Amazon Exclusive","BruceBatMan","Reviewed in the United States on December 6, 2024","Could be faster, but excellent value at price point.","Aside from simply browsing the internet and checking email etc, which every tablet should be able to do, there are two main reasons to get this tablet IMHO.It excels at drawing.  It's been a while since I've looked into drawing tablets - back in the day if you wanted a good tablet for drawing you got a mid screen and all it did was draw.  No internet, nothing.  This is a full fat tablet (that basically does the role of a desktop or laptop for your average user) and it has a great pen experience.  I've been drawing with krita, which is a very feature dense program and there is no lag.The other thing it does great is media.  The screen is awesome and the speakers are surprisingly loud.  Because it's in the android ecosystem you can run Firefox as your browser and get ublock origin meaning you never have to see ads as long as you're using Firefox (notably for YouTube). The tablet also natively will keep playing YouTube when you turn off the screen.  Or at least it does with Firefox - never had any desire to download the app, frankly.  The screen is big enough to be a significant improvement over even a large phone. But not so big that it feels hard to be portable.The other half of media is games.  Obviously this is not a gaming PC.  It's not going to run any real heavy duty games.  But if you want it for mobile games especially card games like slay the spire, legends of runeterra, or hearthstone, then this is just basically the perfect device for them.  The screen has great color and contrast, so since graphical fidelity is not the limiter with these, they can actually look better on this than a PC because the screen is great.  It's also basically the perfect size for card games.  Large enough to feel like the full primo experience, but small enough you don't feel like you are dragging your finger across miles of realestate for every action.Seems the one place that isn't amazing is the battery.  The battery is fine.  It's not bad, it's not great.  It will last you long enough, but it's not going to knock your socks off.Unless you have a really specific reason that you absolutely NEED a larger screen or something, I can't really imagine recommending a different tablet at the moment.",5,NA
"69","Tablet","Samsung Galaxy Tab S6 Lite 10.4' 64GB WiFi Android Tablet, S Pen Included, Gaming Ready, Long Battery Life, Slim Metal Design, Expandable Storage, US Version, Oxford Gray, Amazon Exclusive","Placeholder","Reviewed in the United States on July 17, 2024","","The initial setup took a little while but that is to be expected with a new phone, tablet, etc.  The tablet is speedy, well designed, Samsung has some useful apps that come preinstalled and since I have an android phone I had my email, text messages and favorite apps up and running quickly. It is a great tablet at a reasonable price.The only negative is that the pen skips when drawing.  I decided to purchase a V-Pen to see if it was the pen or the tablet causing the problem, and the V-Pen works flawlessly with my drawing apps.  I was relieved to discover the problem was just the S pen. Product support (Samsung and Amazon) confirmed that I would have to send the tablet back in order to get a new pen (and tablet), which is the last thing I wanted to do after I had it all set up, so I decided to purchase some pen tips for the S pen to see if that fixes the problem.  The tip is wobbly, and I don't know enough about these pens to know whether or not that is normal. It's not really a problem because I like the V-Pen a lot,  but it would be nice to have a backup and know what was wrong with the S pen. (No, I'm affiliated with V Pen, it was a good choice for me!) I didn't see a need to give the tablet a less than 5 star rating because of the pen - the tablet is great, just be aware of the fact that the tablet has to go back too in the event the pen has issues and you need a new one. 5 stars!",5,NA
"70","Tablet","Samsung Galaxy Tab S6 Lite 10.4' 64GB WiFi Android Tablet, S Pen Included, Gaming Ready, Long Battery Life, Slim Metal Design, Expandable Storage, US Version, Oxford Gray, Amazon Exclusive","SÃ³ esquenta, nÃ£o Ã© bom!","Reviewed in Brazil on July 3, 2024","Great screen, great pen, great software, passable battery.","Perfeito",5,NA
"71","Tablet","Samsung Galaxy Tab S6 Lite 10.4' 64GB WiFi Android Tablet, S Pen Included, Gaming Ready, Long Battery Life, Slim Metal Design, Expandable Storage, US Version, Oxford Gray, Amazon Exclusive","Fahad","Reviewed in the United Arab Emirates on November 29, 2024","","",5,NA
"72","Tablet","Samsung Galaxy Tab S6 Lite 10.4' 64GB WiFi Android Tablet, S Pen Included, Gaming Ready, Long Battery Life, Slim Metal Design, Expandable Storage, US Version, Oxford Gray, Amazon Exclusive","luriahs","Reviewed in Singapore on August 22, 2024","A great alternative to an iPad for casual artists","The product is very good but the charger is not present. Only wires to connect with the laptop s",5,NA
"73","Tablet","Samsung Galaxy Tab S6 Lite 10.4' 64GB WiFi Android Tablet, S Pen Included, Gaming Ready, Long Battery Life, Slim Metal Design, Expandable Storage, US Version, Oxford Gray, Amazon Exclusive","luriahs","Reviewed in Singapore on September 10, 2024","Ã“timo !","",5,NA
"74","Tablet","Samsung Galaxy Tab S6 Lite 10.4' 64GB WiFi Android Tablet, S Pen Included, Gaming Ready, Long Battery Life, Slim Metal Design, Expandable Storage, US Version, Oxford Gray, Amazon Exclusive","Sarimah Laursen","Reviewed in Singapore on October 8, 2024","","The media could not be loaded.",5,NA
"75","Tablet","Samsung Galaxy Tab S6 Lite 10.4' 64GB WiFi Android Tablet, S Pen Included, Gaming Ready, Long Battery Life, Slim Metal Design, Expandable Storage, US Version, Oxford Gray, Amazon Exclusive","Susan",NA,"Good quality","For the price, this is one of the best one to get if you are entering into the tablet platform with stylus function especially S-pen. An updated version of the same model  in 2022, this is still better than the A series, if you are looking for low-mid range performance.",4,NA
